"cluster","NCream","NAcidic","NButter","NOldmilk","EWhite","EGrey","EYellow","EGreen","HResistance","EGrainy","EShiny","MFirm","MMeltdown","MResistance","MCreaminess","MGrainy","MChalky","MCream","MFat","MButter","MSalt","MSour","MSweet"
"1",0.10308007214431,-0.0964687163842937,0.168893543733446,-0.145376588449546,-0.361034111913468,-0.255585594857241,0.326732141110495,-0.00709008452425984,-0.850969719296438,-0.374685256454034,0.829624632101501,-0.920361261711016,0.78447334841194,-0.772885702596917,-0.0689761750262892,0.141437892994002,-0.498903051359694,0.220946049905071,0.222981922774202,0.458370719391109,0.460361742081299,-0.210602071682071,0.125490463224217
"2",0.0951340479631956,-0.0813105674487922,0.0204421203082583,-0.201566688312369,-0.163888106652178,-0.0354752185864168,0.366235101647568,-0.0103124072182954,1.07785654433626,0.103289364798263,-0.890978563655022,0.890238373876873,-0.635258079186638,0.632802213273103,0.50114795377782,0.0518755899904692,-0.408269205840318,0.397443073357704,0.490695880622671,0.435589326809069,-0.0159780556697313,-0.373133263972521,0.27772496498527
"3",-0.237408892425334,0.0915002112467022,-0.316816657445089,0.394354092581403,0.669642890338089,0.314597953726152,-0.811555521207983,-0.038070076146738,-0.04410867780222,0.310904476970053,-0.122957272526739,0.175622482527353,-0.290702665859426,0.300809410500775,-0.303158698303418,-0.336103954555681,0.859825582066294,-0.751632120440811,-0.815595959233458,-1.12471445696731,-0.602026618784144,0.846049567592143,-0.408444398761934
