"bootstrap_runs","ari_mean","ari_sd","ari_q05","ari_median","ari_q95"
300,0.831998775260257,0.211931466354966,0.429577464788732,1,1
