"Productname","Dim1","Dim2","cluster"
"33%'",-0.354144931146643,0.944204988001534,2
"24%'",-0.694392792508594,0.157097000405107,2
"16%'",0.66362616925715,-0.38168578357867,1
"D-CH",-1.14190635748069,0.220780685341703,2
"A-Pr",-0.76147154534288,-0.640247911413342,3
"B-Pr",-0.0778487424333845,-0.707406044298929,3
"P",0.689183745624115,0.0150603710737662,1
"C-CH",1.02165244744954,0.379123596264375,1
"P+Ar",0.655302006581385,0.0130730982044561,1
