"PC","variance_explained","cumulative_variance"
"PC1",0.418775996878625,0.418775996878625
"PC2",0.229281834031423,0.648057830910048
"PC3",0.132587942195458,0.780645773105506
"PC4",0.0746912682937763,0.855337041399282
"PC5",0.0659265291705592,0.921263570569841
"PC6",0.0502303811090363,0.971493951678877
"PC7",0.0177841145565816,0.989278066235459
"PC8",0.010721933764541,1
"PC9",3.30266165931295e-33,1
